{
  "hash": "f45963d7",
  "configHash": "c1b28824",
  "lockfileHash": "9f528dcf",
  "browserHash": "13a5dd31",
  "optimized": {
    "@angular/common/http": {
      "src": "../../../../../../node_modules/@angular/common/fesm2022/http.mjs",
      "file": "@angular_common_http.js",
      "fileHash": "b07c3499",
      "needsInterop": false
    },
    "@angular/core": {
      "src": "../../../../../../node_modules/@angular/core/fesm2022/core.mjs",
      "file": "@angular_core.js",
      "fileHash": "8d81d3c2",
      "needsInterop": false
    },
    "@angular/fire/app": {
      "src": "../../../../../../node_modules/@angular/fire/fesm2022/angular-fire-app.mjs",
      "file": "@angular_fire_app.js",
      "fileHash": "34a9e4dc",
      "needsInterop": false
    },
    "@angular/fire/firestore": {
      "src": "../../../../../../node_modules/@angular/fire/fesm2022/angular-fire-firestore.mjs",
      "file": "@angular_fire_firestore.js",
      "fileHash": "4ffced8b",
      "needsInterop": false
    },
    "@angular/forms": {
      "src": "../../../../../../node_modules/@angular/forms/fesm2022/forms.mjs",
      "file": "@angular_forms.js",
      "fileHash": "225b33cb",
      "needsInterop": false
    },
    "@angular/platform-browser": {
      "src": "../../../../../../node_modules/@angular/platform-browser/fesm2022/platform-browser.mjs",
      "file": "@angular_platform-browser.js",
      "fileHash": "80a38583",
      "needsInterop": false
    },
    "@angular/router": {
      "src": "../../../../../../node_modules/@angular/router/fesm2022/router.mjs",
      "file": "@angular_router.js",
      "fileHash": "2a5d0156",
      "needsInterop": false
    },
    "@firebase/firestore": {
      "src": "../../../../../../node_modules/@firebase/firestore/dist/index.esm2017.js",
      "file": "@firebase_firestore.js",
      "fileHash": "47bc6a3e",
      "needsInterop": false
    },
    "marked": {
      "src": "../../../../../../node_modules/marked/lib/marked.esm.js",
      "file": "marked.js",
      "fileHash": "10a1b186",
      "needsInterop": false
    },
    "ngx-spinner": {
      "src": "../../../../../../node_modules/ngx-spinner/fesm2022/ngx-spinner.mjs",
      "file": "ngx-spinner.js",
      "fileHash": "a70b09c4",
      "needsInterop": false
    }
  },
  "chunks": {
    "chunk-J7MJ55MY": {
      "file": "chunk-J7MJ55MY.js"
    },
    "chunk-ZIKND6PU": {
      "file": "chunk-ZIKND6PU.js"
    },
    "chunk-OWZR3IJ3": {
      "file": "chunk-OWZR3IJ3.js"
    },
    "chunk-JDIVOGXH": {
      "file": "chunk-JDIVOGXH.js"
    },
    "chunk-GDGIGWZ4": {
      "file": "chunk-GDGIGWZ4.js"
    },
    "chunk-3QVMWRDI": {
      "file": "chunk-3QVMWRDI.js"
    },
    "chunk-36677EU3": {
      "file": "chunk-36677EU3.js"
    },
    "chunk-ABSN5ALP": {
      "file": "chunk-ABSN5ALP.js"
    },
    "chunk-5K356HEJ": {
      "file": "chunk-5K356HEJ.js"
    }
  }
}