{
  "hash": "da6df980",
  "configHash": "44b9179a",
  "lockfileHash": "95cdea38",
  "browserHash": "0ebcfe32",
  "optimized": {
    "@angular/core": {
      "src": "../../../../../../node_modules/@angular/core/fesm2022/core.mjs",
      "file": "@angular_core.js",
      "fileHash": "0fa53766",
      "needsInterop": false
    },
    "@angular/fire/app": {
      "src": "../../../../../../node_modules/@angular/fire/fesm2022/angular-fire-app.mjs",
      "file": "@angular_fire_app.js",
      "fileHash": "078e0906",
      "needsInterop": false
    },
    "@angular/fire/auth": {
      "src": "../../../../../../node_modules/@angular/fire/fesm2022/angular-fire-auth.mjs",
      "file": "@angular_fire_auth.js",
      "fileHash": "83da7704",
      "needsInterop": false
    },
    "@angular/fire/firestore": {
      "src": "../../../../../../node_modules/@angular/fire/fesm2022/angular-fire-firestore.mjs",
      "file": "@angular_fire_firestore.js",
      "fileHash": "641c736b",
      "needsInterop": false
    },
    "@angular/platform-browser": {
      "src": "../../../../../../node_modules/@angular/platform-browser/fesm2022/platform-browser.mjs",
      "file": "@angular_platform-browser.js",
      "fileHash": "f4c51be7",
      "needsInterop": false
    },
    "@angular/router": {
      "src": "../../../../../../node_modules/@angular/router/fesm2022/router.mjs",
      "file": "@angular_router.js",
      "fileHash": "bc9a3a30",
      "needsInterop": false
    }
  },
  "chunks": {
    "chunk-3TOADEO5": {
      "file": "chunk-3TOADEO5.js"
    },
    "chunk-IF26TFJR": {
      "file": "chunk-IF26TFJR.js"
    },
    "chunk-P7JQSJEV": {
      "file": "chunk-P7JQSJEV.js"
    },
    "chunk-C2EQPBNH": {
      "file": "chunk-C2EQPBNH.js"
    },
    "chunk-AYEP7ILS": {
      "file": "chunk-AYEP7ILS.js"
    }
  }
}